"Expense Code,Expense Amount (SAR)"
"10532,4.46"
"10640,6.84"
"11053,0.36"
"11291,2.47"
"11436,1.7"
"12176,3.04"
"12260,7.88"
"12264,1.72"
"12504,4.41"
"12565,7.06"
"12709,4.06"
"13593,7.32"
"13878,1.13"
"13965,7.85"
"14053,10.92"
"14440,4.56"
"14618,9.19"
"14788,6.12"
"15236,7.31"
"15550,1.52"
"16058,6.52"
"16703,1.94"
"16877,8.57"
"17475,4.15"
"17617,6.79"
"17738,10.02"
"17838,7.15"
"17956,8.06"
"18438,4.49"
"18495,3.86"
"18535,2.13"
"18689,6.44"
"19022,2.43"
"19075,4.58"
"19289,9.42"
"19396,6.34"
"19442,5.68"
"19447,8.57"
"19449,4.55"
"19650,7.79"
"19778,3.78"
"19849,2.8"
"19851,4.36"
"19862,8.46"
"20022,1.19"
"20078,7.96"
"20081,8.13"
"20086,9.33"
"20363,8"
"20384,10.69"
"20419,2.32"
"20517,6.19"
"20524,4.29"
"20561,6.61"
"20591,4.87"
"20603,2.87"
"20691,3.62"
"20749,2.32"
"20865,4.52"
"20866,8.24"
"21070,10.63"
"21109,5.67"
"21117,7.24"
"21197,6.78"
"21314,2.94"
"21315,9.09"
"21320,0.93"
"21337,5.22"
"21344,5.43"
"21346,9.55"
"21399,4.44"
"21693,9.95"
"22001,6.5"
"22016,6.1"
"22052,7.14"
"22251,6.46"
"22387,5.49"
"22632,5.49"
"23058,0.88"
"23074,7.73"
"23080,8.51"
"23085,6.25"
"23130,0.17"
"23144,2.84"
"23264,6.71"
"8,3.13"
"16,8.78"
"17,4.24"
"29,9.03"
"31,9.92"
"93,6.04"
"94,8.37"
"97,4.32"
"98,10.92"
"116,4.44"
"122,4.56"
"128,1.31"
"159,9.78"
"208,3.48"
"220,5.46"
"254,0.76"
"338,3.94"
"341,1.97"
"361,7.88"
"365,4.83"
"430,5.32"
"461,1.11"
"464,5.34"
"466,2.64"
"467,7.86"
"547,8.17"
"566,1.7"
"591,3.03"
"623,9.48"
"624,4.98"
"638,2.17"
"647,2.54"
"677,5.29"
"708,0.1"
"721,2.6"
"738,8.33"
"852,2.5"
"853,8.97"
"870,0.72"
"872,5.58"
"875,10.18"
"877,9.97"
"878,5.94"
"903,7.69"
"919,6.89"
"936,8.13"
"988,7.82"
"990,8.86"
"991,5.09"
"1017,1.22"
"1018,6.21"
"1058,10.68"
"1063,2.41"
"1069,4.97"
"1123,1.16"
"1233,3.14"
"1266,3.23"
"1272,9.07"
"1296,10.2"
"1318,10.05"
"1328,9.25"
"1331,1.31"
"1451,3.11"
"1460,7.78"
"1497,4.26"
"1500,1.78"
"1517,10.9"
"1568,9.51"
"1628,6.91"
"1649,6"
"1711,9.39"
"1719,5.64"
"1752,8.64"
"1815,7.32"
"1877,9.69"
"1883,5.29"
"1929,5.48"
"1938,0.58"
"2006,4.22"
"2053,2.4"
"2069,8.74"
"2111,2.96"
"2121,9.25"
"2180,9.68"
"2194,1.56"
"2201,1.83"
"2205,7.2"
"2207,0.95"
"2210,8.08"
"2226,8.26"
"2261,4.99"
"2270,3.54"
"2303,2.44"
"2356,9.15"
"2395,6.13"
"2468,9.01"
"2470,1.58"
"2471,10.41"
"2476,10.77"
"2556,8.44"
"2577,0.65"
"2636,5.23"
"2644,6.73"
"2646,5.67"
"2656,1.58"
"2673,7.27"
"2679,6.65"
"2702,4.42"
"2746,5.43"
"2753,1.45"
"2757,1.24"
"2759,8.15"
"2871,1.69"
"2904,6.39"
"3008,3.63"
"3009,8.87"
"3015,0.96"
"3070,6.4"
"3103,0.69"
"3159,7.53"
"3232,2.77"
"3237,1.26"
"3341,2.56"
"3450,6.02"
"3706,3.83"
"3748,8.12"
"3751,5.83"
"3773,1.69"
"3799,0.81"
"3915,10.32"
"3948,6.32"
"4007,4.69"
"4012,3.91"
"4022,9.94"
"4023,4.01"
"4114,6.27"
"4117,9.8"
"4130,9.93"
"4159,1.34"
"4175,2.02"
"4288,0.88"
"4295,4.39"
"4298,9.24"
"4306,7.34"
"4412,4.07"
"4470,3.07"
"4618,7.35"
"4693,5.43"
"4836,10.91"
"5039,10.62"
"5049,9.3"
"5159,5.72"
"5160,0.03"
"5187,1.14"
"5368,7.46"
"5396,1.73"
"5437,3.03"
"5439,6.37"
"5450,8.6"
"5621,3.1"
"5739,0.94"
"5895,7.57"
"6000,9.51"
"6038,4.17"
"6302,5.19"
"6385,6.41"
"6427,4.23"
"6489,1.6"
"6494,2.11"
"6566,4.28"
"6908,0.47"
"7102,1.35"
"7104,9.24"
"7114,3.68"
"7330,9.06"
"7389,4.65"
"7506,4.38"
"7954,8.96"
"7984,4.68"
"8082,2.47"
"8275,6.58"
"8283,8.91"
"8329,5.21"
"8460,10.41"
"8885,1.45"
"8899,10.49"
"8993,4.99"
"9035,1.92"
"9790,5.55"
"9954,10.05"
"10003,4.48"
"10042,6.83"
"10063,8.14"
"10098,9.99"
"10155,3.48"
"10268,4.36"
"10289,3.84"
"10416,3.78"
"10479,5.09"
"10544,7.6"
"10549,10.97"
"10585,1.63"
"10611,6.58"
"10740,3.48"
"10742,8.53"
"10769,3.69"
"10770,6.65"
"10771,6.11"
"10772,2.16"
"10773,3.44"
"10820,1.22"
"10871,9.39"
"10875,2.21"
"10878,10.19"
"10911,3"
"10914,8.65"
"10936,4.12"
"10966,1.51"
"10970,3.13"
"11100,7.73"
"11158,2.19"
"11380,4.06"
"11402,5.11"
"11403,8.44"
"11410,4.79"
"11413,6.96"
"11414,8.18"
"11415,5.2"
"11416,7.6"
"11459,9.4"
"11464,1.8"
"11504,5.52"
"11517,7.05"
"11518,6.62"
"11522,3.68"
"11523,7.27"
"11524,8.79"
"11526,1.12"
"11527,5.57"
"11537,5.31"
"11538,7.73"
"11569,3.95"
"11570,6.36"
"11571,7.16"
"11599,8.36"
"11601,7.68"
"11620,3.79"
"11704,5"
"11763,5.44"
"11825,4.64"
"11850,9.62"
"11872,2.94"
"11915,8.15"
"11923,6.67"
"11929,7.35"
"12022,1.14"
"12037,10.61"
"12053,1.24"
"12083,6.32"
"12145,0.8"
"12152,6.45"
"12215,7.11"
"12216,8"
"12230,9.91"
"12266,4.77"
"12355,5.81"
"12411,7.86"
"12435,7"
"12446,4.43"
"12564,7.56"
"12566,8.96"
"12570,9.78"
"12571,6.76"
"12572,9.73"
"12630,2.51"
"12695,9.77"
"12698,9.96"
"12703,4.61"
"12704,2.96"
"12705,8.01"
"12759,7.47"
"12778,3.27"
"12839,2.88"
"12872,6.11"
"12893,10.33"
"12933,0.61"
"12937,5.81"
"12951,7.35"
"12999,1.62"
"13056,10.81"
"13103,1.64"
"13104,6.76"
"13126,7.4"
"13129,7.67"
"13149,1.03"
"13194,4.26"
"13211,0.25"
"13231,0.06"
"13310,4.23"
"13338,5.75"
"13394,3.43"
"13449,10.88"
"13453,6.54"
"13475,5.98"
"13479,6.45"
"13481,9.75"
"13523,1.93"
"13532,5.12"
"13560,2.96"
"13570,6.4"
"13678,2.66"
"13727,6.16"
"13739,5.31"
"13769,4.69"
"13772,8.76"
"13835,1.79"
"13839,1.72"
"13911,5.16"
"13954,2.06"
"13976,2.22"
"14022,5.4"
"14052,4.21"
"14064,4.54"
"14079,3"
"14093,3.96"
"14128,0.18"
"14173,6.14"
"14188,3.86"
"14191,4.99"
"14219,1"
"14222,7.57"
"14225,3.27"
"14226,5.45"
"14235,9.5"
"14239,4.09"
"14240,5.98"
"14241,8.08"
"14242,0.38"
"14276,0.37"
"14293,8.97"
"14303,6.15"
"14313,10.57"
"14349,7.32"
"14419,2.76"
"14447,8.28"
"14461,4.55"
"14534,1.77"
"14571,3.1"
"14574,1.31"
"14580,9.16"
"14585,8.79"
"14586,6.06"
"14587,6.08"
"14588,2.69"
"14595,5.74"
"14625,6.99"
"14646,4.1"
"14669,0.05"
"14704,1.34"
"14735,8.62"
"14816,5.69"
"14948,7.81"
"14961,9.31"
"14972,4.55"
"15019,7.49"
"15022,5.85"
"15111,7.01"
"15122,9.53"
"15199,2.39"
"15204,0.93"
"15215,7.46"
"15222,7.29"
"15248,9.56"
"15249,3.89"
"15250,2.19"
"15270,9.45"
"15272,0.95"
"15273,2.8"
"15274,9.53"
"15276,1.94"
"15312,3.36"
"15317,0.26"
"15318,9.48"
"15319,2.22"
"15320,6.78"
"15543,2.2"
"15570,6.25"
"15700,8.96"
"15701,6.07"
"15710,5.5"
"15746,8.86"
"15748,7.93"
"15779,0.48"
"15782,8.99"
"15796,9.17"
"15804,2.88"
"15825,6.04"
"15855,0.98"
"15883,5.88"
"15884,8.78"
"15896,8.01"
"15951,4.97"
"15956,2.87"
"15968,8.86"
"16008,9.57"
"16046,1.54"
"16114,0.91"
"16131,2.08"
"16155,1.87"
"16229,2.77"
"16368,10.61"
"16509,9.76"
"16529,0.16"
"16535,8.25"
"16592,7.6"
"16602,7.58"
"16736,8.05"
"16737,2.23"
"16773,1.77"
"16838,8.2"
"16843,6.61"
"16845,9.44"
"16915,9.59"
"16942,8.02"
"16943,1.68"
"16953,10.47"
"16960,2.76"
"16961,6.36"
"16962,1.53"
"17042,0.43"
"17230,6.7"
"17241,8.99"
"17280,9.69"
"17281,8.88"
"17348,8.93"
"17422,8.59"
"17515,6.38"
"17519,8.91"
"17554,7.38"
"17569,0.78"
"17586,4.7"
"17587,7.79"
"17588,9.25"
"17589,1.96"
"17676,2"
"17698,4.1"
"17736,10.61"
"17737,2.59"
"17743,3.88"
"17766,6.99"
"17772,2.27"
"17779,7.48"
"17792,5.89"
"17814,6.97"
"17818,5.97"
"17892,5.98"
"17936,8.78"
"17993,7.09"
"18008,3.84"
"18257,8.84"
"18366,7.68"
"18441,7.7"
"18442,5.92"
"18443,1.35"
"18527,7.86"
"18538,7.92"
"18553,3.03"
"18590,9.22"
"18605,3.82"
"18606,9.66"
"18617,10.07"
"18619,7.26"
"18734,2.77"
"18830,3.4"
"18837,4.97"
"18854,8.83"
"18868,0.91"
"18923,4.01"
"18925,7.68"
"18938,1.15"
"18940,2.1"
"18941,6.55"
"18972,1.78"
"19063,6.75"
"19076,1.89"
"19079,1.15"
"19080,0.22"
"19081,6.62"
"19082,6.04"
"19213,10.1"
"19214,9.67"
"19224,1.67"
"19225,7.37"
"19226,4.71"
"19227,1.87"
"19235,1.65"
"19236,3.63"
"19242,8.5"
"19243,4.94"
"19244,8.04"
"19249,5.91"
"19252,7.87"
"19253,8.8"
"19254,8.37"
"19255,8.9"
"19256,1.45"
"19257,1.81"
"19264,6.5"
"19310,9.1"
"19330,2.7"
"19332,6.6"
"19353,4.36"
"19399,2.63"
"19400,9.12"
"19408,6.01"
"19422,8.05"
"19426,2.33"
"19461,4.24"
"19485,2.06"
"19492,9.2"
"19517,1.18"
"19693,1.52"
"19697,7.99"
"19698,6.17"
"19699,8.73"
"19750,9.94"
"19752,8.76"
"19834,4.96"
"19835,9.48"
"19856,2.61"
"19863,1.05"
"19868,5.56"
"19882,7.19"
"19883,7.79"
"19884,1.83"
"19893,1.86"
"19973,8.13"
"20077,10.94"
"20094,2.05"
"20096,2.94"
"20126,6.94"
"20127,1.57"
"20134,4.34"
"20135,6.8"
"20140,7.08"
"20143,8.97"
"20144,1.15"
"20145,5.37"
"20168,4.36"
"20291,6.7"
"20328,6.7"
"20336,3.47"
"20351,8.1"
"20360,4.13"
"20362,9.81"
"20364,6.01"
"20365,8.46"
"20366,6.51"
"20367,0.36"
"20368,7.97"
"20385,5.06"
"20397,0.22"
"20401,10.17"
"20450,3.57"
"20460,1.74"
"20472,5.3"
"20489,5.96"
"20519,1.91"
"20522,7.48"
"20525,9.39"
"20528,7.11"
"20529,4.65"
"20533,1.48"
"20548,9.37"
"20562,9.38"
"20564,3.38"
"20565,3.96"
"20566,5.26"
"20574,3.78"
"20575,6.47"
"20707,6.59"
"20708,4.7"
"20711,10.14"
"20712,2.87"
"20714,2.93"
"20723,6.38"
"20734,1.04"
"20745,2.02"
"20801,1.89"
"20820,6.23"
"20821,4.03"
"20850,6.52"
"20853,1.75"
"20869,1.24"
"20870,8.05"
"20873,0.98"
"20876,2.35"
"20877,7.9"
"20891,1.96"
"20903,5.8"
"20904,7.02"
"20906,4.02"
"20916,4.62"
"20920,7.02"
"20924,5.28"
"20933,2.63"
"20957,10.04"
"20970,0.53"
"20987,8.97"
"21013,4.79"
"21018,8.93"
"21038,3.16"
"21043,1.97"
"21060,1.01"
"21065,9.57"
"21083,2.65"
"21088,6.56"
"21089,5.26"
"21099,2.06"
"21100,8.08"
"21104,7.07"
"21105,2.42"
"21106,6.33"
"21107,6.98"
"21110,7.32"
"21121,10.88"
"21123,2.32"
"21139,1.49"
"21145,2.92"
"21194,2.73"
"21238,0.34"
"21313,7.8"
"21370,7.94"
"21412,4.03"
"21418,2.96"
"21420,9.24"
"21425,5.31"
"21427,4.51"
"21439,0.07"
"21467,4.23"
"21528,8.7"
"21548,7.15"
"21550,5.96"
"21564,10.77"
"21569,1.54"
"21570,2.49"
"21598,3.88"
"21604,4.45"
"21609,1.81"
"21618,5.87"
"21620,5.35"
"21626,7.47"
"21641,7.38"
"21646,10.64"
"21649,1.51"
"21653,8.91"
"21667,1.16"
"21668,8.51"
"21671,5.87"
"21673,8.66"
"21694,8.91"
"21697,3.73"
"21718,9.69"
"21796,4.44"
"21857,5.28"
"21858,3.43"
"21859,10.78"
"21885,0.43"
"21887,8.57"
"21891,2.33"
"21909,2.76"
"21911,9.01"
"21918,3.02"
"21927,6.75"
"21930,7.99"
"21932,1.12"
"21937,7.98"
"21938,7.84"
"21947,7.1"
"21948,1.65"
"21949,2.77"
"21950,1.84"
"21953,3.94"
"21967,2.73"
"21975,3.81"
"22003,7.62"
"22006,8.37"
"22022,7.61"
"22038,5.98"
"22042,6.61"
"22066,2.68"
"22067,4.8"
"22068,10.86"
"22089,7.94"
"22171,6.64"
"22196,1.86"
"22201,3.04"
"22217,6.84"
"22224,2.36"
"22237,3.86"
"22472,4.09"
"22497,2.07"
"22585,1.3"
"22587,2.4"
"22633,3.26"
"22635,1.98"
"22645,2.67"
"22737,2.38"
"22762,1.12"
"22766,5.77"
"22806,8.72"
"22909,9.88"
"22934,0.68"
"22945,8.24"
"22972,3.06"
"23057,4.86"
"23061,9.78"
"23063,2.7"
"23079,7.42"
"23089,7.29"
"23090,7.47"
"23091,7.4"
"23095,4.31"
"23109,3.13"
"23131,9.52"
"23136,4.86"
"23156,9.26"
"23161,9.6"
"23166,8.89"
"23190,8.45"
"23191,5.7"
"23192,1.29"
"23193,7.78"
"23201,3.75"
"23205,6.03"
"23214,4.28"
"23215,3.18"
"23225,3.63"
"23228,3"
"23229,2.75"
"23230,8.17"
"23231,9.8"
"23232,3.16"
"23237,4.45"
"23246,7.04"
"23250,2.84"
"23302,1.91"
"23352,3.52"
"23353,5.9"
"23377,9.12"
"23398,4.65"
"23406,1.22"
"23409,8.77"
"23424,3.11"
"23428,9.17"
"5,3.11"
"20,8.43"
"25,9.35"
"36,9.43"
"37,6.71"
"38,9.75"
"45,3.61"
"46,9.16"
"56,8.45"
"60,10.49"
"87,0.97"
"90,10.61"
"137,7.34"
"139,2.3"
"149,9.42"
"150,9.02"
"163,7.77"
"172,0.52"
"184,1.09"
"203,4.02"
"217,2.98"
"246,1.38"
"257,10.4"
"331,4.12"
"333,1.1"
"340,9.5"
"343,3.7"
"346,2"
"351,9.56"
"369,3.89"
"376,10.17"
"378,7.63"
"459,5.49"
"472,8.34"
"474,10.38"
"479,4.6"
"483,7.82"
"485,7.18"
"486,1.15"
"488,5.2"
"497,5.19"
"499,2.41"
"501,8.31"
"581,4.05"
"589,4.43"
"594,7.5"
"596,2.57"
"597,7.58"
"618,10.16"
"619,6.7"
"629,9.38"
"636,6.14"
"641,10.55"
"644,8.65"
"648,7.23"
"649,1.51"
"652,8.43"
"666,5.96"
"669,3.62"
"785,4.93"
"795,9.53"
"803,9.03"
"812,7.91"
"869,7.59"
"882,7.4"
"883,8.88"
"887,7.15"
"890,1.03"
"891,5.59"
"901,5.74"
"932,6.67"
"994,4.51"
"1007,4.84"
"1009,8.74"
"1010,2.21"
"1013,7.62"
"1014,0.85"
"1182,5.16"
"1204,0.06"
"1223,5.72"
"1229,10.84"
"1258,2.41"
"1274,3.89"
"1275,8.05"
"1288,4.85"
"1293,7.34"
"1295,5.48"
"1305,7.27"
"1371,2.21"
"1379,6.89"
"1389,7.92"
"1394,8.35"
"1398,8.05"
"1475,7.05"
"1501,1.33"
"1547,7.68"
"1553,6.1"
"1554,5.4"
"1681,10.68"
"1710,8.04"
"1738,6.5"
"1751,10.77"
"1753,7.3"
"1755,5.15"
"1844,7.13"
"1973,5.51"
"1980,5.68"
"2001,7.54"
"2164,8.48"
"2166,7.51"
"2167,4.93"
"2199,9.06"
"2257,9.45"
"2297,2.5"
"2320,1.51"
"2324,10.07"
"2372,3.22"
"2406,3.2"
"2412,3.62"
"2415,3.94"
"2416,7.4"
"2418,9.19"
"2453,9.09"
"2456,1.18"
"2464,4.13"
"2467,2.89"
"2488,9.85"
"2505,6.03"
"2554,8.49"
"2560,3.41"
"2565,7.2"
"2570,5.4"
"2580,7.34"
"2587,6.02"
"2596,4.62"
"2597,9.67"
"2663,0.67"
"2672,9.21"
"2675,1.33"
"2749,10.21"
"2767,1.45"
"2789,2.61"
"2850,7.88"
"2855,10.6"
"2856,10.16"
"2857,9.44"
"2895,6.37"
"2903,7.3"
"2907,1.52"
"2914,0.91"
"2918,7.43"
"2920,9.74"
"2922,8.03"
"3047,5.28"
"3135,4.16"
"3152,6.51"
"3153,2.2"
"3235,8.91"
"3331,4.29"
"3377,3.51"
"3397,7.21"
"3404,7.04"
"3405,4.71"
"3587,0.08"
"3604,8.04"
"3641,2.1"
"3674,8.74"
"3677,3.07"
"3786,9.54"
"4052,9.56"
"4054,1.52"
"4311,8.69"
"4374,9.71"
"4442,8.33"
"4528,6.25"
"4548,9.46"
"4560,2.1"
"4599,10.36"
"4625,4.74"
"4637,1.23"
"4650,5.93"
"4832,10.67"
"4838,1.57"
"4909,0.21"
"4924,2.31"
"4925,5.14"
"4937,1.71"
"4965,6.29"
"4980,5.7"
"5091,7.85"
"5093,4.88"
"5094,9.01"
"5121,5.91"
"5151,4.67"
"5224,8.77"
"5225,3.54"
"5281,9.01"
"5282,3.03"
"5324,2.1"
"5361,4.44"
"5624,5.28"
"5771,6.86"
"5888,0.96"
"6023,8.38"
"6043,6.82"
"6125,2.78"
"6161,1.66"
"6174,5.48"
"6214,8.55"
"6249,0.94"
"6252,5.78"
"6336,4.6"
"6339,0.23"
"6426,7.11"
"6460,6.61"
"6635,5.01"
"6680,2.72"
"6731,3.71"
"6770,9.41"
"6777,10.34"
"6786,7.19"
"6803,8.27"
"6854,7.29"
"6982,7.37"
"7013,4.91"
"7029,10.88"
"7042,4.75"
"7043,9.36"
"7222,8.96"
"7224,2.38"
"7250,3.28"
"7251,3.07"
"7259,2.17"
"7323,3.37"
"7353,5.65"
"7386,0.33"
"7575,2.19"
"7692,1.55"
"7695,6.38"
"7729,5.99"
"7755,2.4"
"7836,6.06"
"7862,10.93"
"7892,5.61"
"7988,9.99"
"8068,1.97"
"8096,5.19"
"8165,6.1"
"8224,7.06"
"8235,9.29"
"8237,8.62"
"8352,2.54"
"8353,3.08"
"8354,4.46"
"8392,7.04"
"8430,1.96"
"8477,2.07"
"8512,9.65"
"8595,0.16"
"8616,5.45"
"8623,8.7"
"8625,5.43"
"8652,0.85"
"8660,6.77"
"8677,9.49"
"8713,8.54"
"8714,8.75"
"8754,3.41"
"8774,8.85"
"8795,3.06"
"8805,2.68"
"8847,6.82"
"8868,7.12"
"8870,10.45"
"8916,3.1"
"8927,9.3"
"8929,3.46"
"8956,7.04"
"8973,0.39"
"9037,2.51"
"9053,7.54"
"9068,9.75"
"9238,7.37"
"9241,4.59"
"9245,5"
"9437,6.52"
"9438,1.53"
"9440,8.72"
"9589,8.57"
"9775,1.14"
"9784,4.74"
"9789,10.01"
"9870,4.1"
"9928,5.09"
"9965,10.58"
"10091,8.09"
"10180,7.2"
"10185,2.47"
"10203,6.84"
"10212,10.63"
"10213,4.92"
"10227,2.13"
"10255,5.15"
"10329,7.58"
"10548,1.92"
"10809,4.39"
"10885,4.57"
"10904,4.2"
"10927,5.37"
"10996,2.62"
"10998,9.73"
"11010,7.82"
"11025,7.44"
"11036,0.65"
"11124,3.03"
"11282,7.94"
"11385,6.76"
"11387,10.35"
"11392,7.96"
"11396,8.62"
"11397,8.4"
"11398,0.29"
"11400,4.26"
"11404,1.11"
"11405,3.9"
"11408,5.24"
"11409,8.2"
"11412,7.19"
"11525,4.34"
"11528,2.44"
"11529,9.55"
"11544,7.17"
"11668,9.53"
"11708,3.64"
"11711,4.76"
"11760,7.49"
"11788,6.58"
"11806,2.16"
"11816,9.78"
"12002,7.01"
"12008,8.42"
"12009,5.37"
"12010,4.66"
"12084,0.02"
"12087,7.85"
"12105,5.03"
"12107,0.86"
"12255,3.39"
"12256,4.74"
"12257,5.4"
"12259,8.18"
"12263,8.05"
"12265,7.43"
"12558,0.57"
"12559,2.1"
"12573,8.21"
"12652,4.52"
"12692,2.74"
"12697,4.7"
"12706,8.13"
"12850,3.91"
"12877,3.33"
"12878,2.7"
"12958,3.97"
"12960,7.26"
"12977,9.58"
"13006,9.64"
"13016,4.48"
"13019,1.03"
"13030,1.84"
"13048,7.26"
"13111,10.34"
"13116,8.53"
"13135,8.32"
"13142,10.74"
"13229,9.17"
"13267,9.75"
"13287,9.38"
"13316,6.9"
"13328,5.55"
"13329,8.82"
"13351,2.73"
"13359,4.03"
"13436,6.08"
"13458,1.23"
"13489,0.74"
"13490,3.51"
"13508,7.36"
"13528,5.3"
"13547,5.14"
"13549,4.55"
"13551,3.12"
"13555,6.66"
"13556,10.55"
"13574,0.77"
"13588,9.46"
"13605,6.53"
"13606,6.33"
"13626,1.37"
"13662,7.25"
"13664,2.96"
"13698,8.14"
"13735,0.74"
"13806,3.06"
"13823,8.96"
"13825,3.8"
"13945,9.57"
"13983,3.37"
"14043,10.05"
"14057,2.32"
"14243,4.82"
"14267,10.01"
"14268,4.34"
"14457,9.43"
"14468,2.23"
"14469,0.54"
"14552,8.34"
"14564,10.94"
"14578,9.11"
"14579,7.52"
"14581,6.67"
"14583,7.42"
"14589,1.22"
"14675,2.16"
"14759,4.96"
"14802,2.52"
"14890,0.72"
"15044,5.76"
"15228,5.19"
"15229,3.92"
"15314,1.67"
"15316,1.5"
"15330,9.42"
"15339,5.73"
"15375,0.56"
"15669,8.75"
"15692,9.48"
"15707,4.54"
"15785,7.13"
"16022,7.73"
"16033,5.28"
"16286,4.51"
"16581,4.62"
"16687,6.2"
"16716,5.35"
"16726,4.33"
"16727,0.02"
"16963,1.19"
"17559,0.04"
"17584,0.8"
"17609,7.06"
"17619,7.74"
"17623,10.1"
"17626,6.45"
"17754,6.78"
"18132,10.97"
"18252,7.99"
"18255,7.21"
"18362,3.74"
"18410,0.16"
"18558,4.18"
"18573,6.08"
"18574,9.67"
"18749,2.5"
"18764,3.64"
"18935,4.22"
"18942,6.16"
"18976,8.75"
"19020,6.2"
"19074,6.62"
"19078,6.2"
"19083,4.25"
"19208,2.53"
"19215,5.95"
"19217,9.75"
"19219,7.91"
"19223,4.63"
"19228,1.55"
"19232,7.78"
"19234,2.83"
"19237,7.43"
"19239,4.14"
"19241,7.77"
"19245,9.66"
"19246,2.44"
"19247,2.17"
"19248,4.71"
"19250,3.77"
"19329,1.73"
"19331,4.12"
"19441,2.83"
"19443,1.07"
"19445,7.16"
"19446,3.99"
"19448,0.69"
"19450,6.11"
"19522,5.74"
"19524,2.53"
"19696,9.07"
"19723,4.81"
"19747,3.37"
"19748,4.26"
"19751,3.34"
"19837,1.18"
"19838,5.64"
"19839,8.28"
"19840,8.22"
"19841,9.92"
"19846,10.8"
"19847,5.13"
"19848,10.98"
"19852,9.67"
"19854,10.91"
"19861,0.36"
"19867,1.69"
"19881,4.79"
"19888,5.29"
"19890,7.99"
"19891,1.51"
"20079,6.72"
"20080,0.65"
"20084,7.5"
"20085,10.53"
"20089,2.51"
"20090,4.16"
"20091,1.07"
"20101,3.45"
"20103,1.84"
"20104,8.31"
"20106,9.01"
"20107,8.97"
"20109,5.57"
"20119,2.44"
"20120,1.04"
"20128,3.91"
"20136,6.9"
"20137,8.3"
"20138,0.56"
"20139,2.44"
"20141,5.33"
"20142,3.52"
"20290,7.48"
"20292,7.05"
"20316,8.5"
"20323,3.61"
"20337,4.79"
"20338,5.86"
"20339,10.19"
"20341,10.95"
"20343,3.9"
"20369,1.64"
"20370,3.32"
"20371,5.27"
"20378,4.12"
"20382,10.77"
"20398,8.51"
"20399,9.72"
"20404,1.68"
"20410,8.21"
"20415,2.68"
"20417,1.77"
"20492,3.82"
"20493,5.69"
"20518,10.44"
"20520,6.42"
"20523,0.04"
"20526,4.33"
"20532,7.06"
"20536,9.6"
"20559,7.16"
"20560,7.51"
"20567,5.42"
"20576,4.47"
"20580,7.82"
"20582,2.57"
"20583,5.23"
"20586,8.73"
"20588,10.23"
"20589,0.76"
"20590,7.78"
"20592,2.48"
"20598,6.21"
"20602,9.04"
"20604,3.14"
"20607,2.13"
"20609,3.75"
"20610,1.17"
"20612,7.93"
"20685,4.03"
"20689,1.41"
"20690,0.61"
"20692,4.04"
"20694,2.5"
"20697,6.99"
"20698,6.21"
"20709,1.02"
"20710,6.99"
"20716,3.27"
"20717,10.83"
"20742,2.77"
"20743,4.99"
"20744,5.35"
"20747,0.92"
"20748,2.81"
"20750,5.22"
"20752,4.6"
"20755,3.58"
"20760,0.28"
"20763,4.78"
"20764,7.42"
"20766,3"
"20767,8.44"
"20770,5.21"
"20797,4.43"
"20818,1.66"
"20822,4.64"
"20825,8.31"
"20826,3.79"
"20827,7.82"
"20831,9.74"
"20832,9.6"
"20834,6.18"
"20835,4.02"
"20836,2.86"
"20837,1.95"
"20838,3.26"
"20839,6.75"
"20840,2.82"
"20841,8.27"
"20846,5.14"
"20852,8.35"
"20855,1.08"
"20857,7.71"
"20858,7.82"
"20860,7.73"
"20861,3.77"
"20871,4.06"
"20875,5.79"
"20879,1.8"
"20880,6.55"
"20883,5.86"
"20889,2.14"
"20896,10.68"
"20897,6.84"
"20898,6.79"
"20899,4.03"
"20901,1.01"
"20911,8"
"20913,9.99"
"20918,9.91"
"20921,1.47"
"20935,7.29"
"20936,0.45"
"20937,4.59"
"20944,5.36"
"20945,9.63"
"21005,9.33"
"21010,7.82"
"21012,4.8"
"21014,6.24"
"21017,3.6"
"21039,3.65"
"21041,8.54"
"21044,10.89"
"21045,6.85"
"21053,8.15"
"21059,1.92"
"21062,2.3"
"21071,7.43"
"21084,8.48"
"21086,10.77"
"21090,4.36"
"21096,4.22"
"21101,2.58"
"21108,5.34"
"21112,6.35"
"21113,3.65"
"21114,5.78"
"21115,5.08"
"21116,4.71"
"21120,3.91"
"21124,5.95"
"21237,0.71"
"21240,8.45"
"21316,3.7"
"21317,2.24"
"21318,6.88"
"21319,8.86"
"21322,5.08"
"21323,9.18"
"21324,9.89"
"21326,6.03"
"21331,1.4"
"21333,0.17"
"21334,10.83"
"21335,7.95"
"21336,8.11"
"21338,8.78"
"21339,10.36"
"21340,9.93"
"21341,1.95"
"21343,8.26"
"21345,3.63"
"21371,2.45"
"21373,6.94"
"21376,1.29"
"21377,5.63"
"21389,1.19"
"21390,9.98"
"21392,7.34"
"21394,1.08"
"21395,4.65"
"21405,7.55"
"21414,2.56"
"21417,7.91"
"21426,3.5"
"21436,6.79"
"21437,0.37"
"21438,6.68"
"21440,8.78"
"21447,2.97"
"21448,3.87"
"21518,9.6"
"21549,2.85"
"21552,3.87"
"21554,3.66"
"21556,9.66"
"21566,3.53"
"21568,1.29"
"21573,4.35"
"21584,5.95"
"21585,1.3"
"21586,5.66"
"21588,7.83"
"21589,9.1"
"21591,2.76"
"21593,2.62"
"21605,7.24"
"21606,5.19"
"21608,9.69"
"21625,1.64"
"21635,2.44"
"21640,6.8"
"21642,2.07"
"21643,4.71"
"21651,7.24"
"21669,0.03"
"21672,0.25"
"21685,7.8"
"21687,7.15"
"21690,9.04"
"21695,6.3"
"21696,8.2"
"21701,8.51"
"21703,4.43"
"21704,1.57"
"21705,5.52"
"21707,9.32"
"21708,2.73"
"21710,7.47"
"21712,0.53"
"21715,8.84"
"21716,7.49"
"21717,8.08"
"21763,8.2"
"21861,0.04"
"21862,1.89"
"21863,3.91"
"21864,9.78"
"21865,4.15"
"21866,7.09"
"21873,6.94"
"21876,6.07"
"21877,3.25"
"21878,8.91"
"21881,6.33"
"21882,3.39"
"21889,6.84"
"21897,5.87"
"21898,5.11"
"21899,5.11"
"21903,9.42"
"21907,3.34"
"21920,8.98"
"21921,8.59"
"21923,6.43"
"21924,2.83"
"21925,2.24"
"21926,10.29"
"21929,3.06"
"21933,6.13"
"21934,2.55"
"21945,1.93"
"21954,2.33"
"21955,6.82"
"21960,3.1"
"21962,0.89"
"21971,4.94"
"21972,6.8"
"21976,1.3"
"21979,5"
"21989,7.4"
"21991,2.47"
"21992,7.93"
"21993,2.61"
"21998,5.19"
"22008,8.68"
"22015,0.83"
"22017,1.62"
"22019,0.64"
"22023,2.62"
"22029,3.58"
"22030,9.96"
"22032,5.73"
"22034,6"
"22054,3.84"
"22058,3.62"
"22059,9.91"
"22060,5.53"
"22062,5.15"
"22073,3.68"
"22075,8.64"
"22076,5.61"
"22080,8.22"
"22090,9"
"22093,3.4"
"22094,9.66"
"22095,6.36"
"22099,8.32"
"22100,8.09"
"22101,6.81"
"22259,2.94"
"22302,5.82"
"22327,10.28"
"22483,10.69"
"22599,1.26"
"22638,0.94"
"22669,3.5"
"22801,0.94"
"22803,1.87"
"22807,9.35"
"22812,5.98"
"23034,10.09"
"23045,2.64"
"23046,0.13"
"23055,3.73"
"23072,1.27"
"23077,4.44"
"23087,5.99"
"23092,7.46"
"23094,1.67"
"23097,4.36"
"23098,8.98"
"23099,8.08"
"23107,6.02"
"23116,3.94"
"23120,3.31"
"23122,3.87"
"23133,8.48"
"23138,2.79"
"23154,5.55"
"23155,1.58"
"23162,2.19"
"23163,6.15"
"23170,9.38"
"23179,10.78"
"23181,5.98"
"23197,4.73"
"23199,5.83"
"23200,9.25"
"23203,7.6"
"23223,10.38"
"23227,5.11"
"23233,4.28"
"23236,7.7"
"23240,1.04"
"23242,2.08"
"23243,8.31"
"23245,6.88"
"23248,7.38"
"23251,2.38"
"23257,8.37"
"23258,2.92"
"23259,9.34"
"23260,1.77"
"23261,8.79"
"23262,1.05"
"23263,8.11"
"23265,10.2"
"23267,7.29"
"23270,6.58"
"23271,3.53"
"23272,4.39"
"23274,0.23"
"23279,1.41"
"23280,8.58"
"23281,3.25"
"23283,10.06"
"23285,6.75"
"23288,8.52"
"23290,7.31"
"23291,8.68"
"23292,5.71"
"23295,9.77"
"23296,6.26"
"23297,8.56"
"23298,7.02"
"23299,0.49"
"23348,2.05"
"23375,3.67"
"23379,8.84"
"23383,4.44"
"23384,3.18"
"23385,5.08"
"23389,10.41"
"23395,3.2"
"23410,1.42"
"23414,1.47"
"23419,9.55"
"23426,7.1"
"23429,6.46"
"4,8.43"
"7,9.75"
"10,3.96"
"13,9.13"
"14,3.57"
"15,5.72"
"72,1.58"
"83,4.58"
"92,1.61"
"99,1.56"
"103,5.45"
"105,3.37"
"110,6.24"
"114,1.22"
"120,2.64"
"121,6.46"
"124,10.62"
"126,6.72"
"129,10.29"
"142,0.75"
"143,6.43"
"144,3.27"
"145,2.46"
"147,2.35"
"152,9.26"
"156,9.57"
"157,8.86"
"158,5.81"
"195,7.48"
"198,6.73"
"204,7.52"
"207,6.72"
"211,8.28"
"212,6.19"
"213,5.19"
"215,10.25"
"216,6.18"
"221,7.09"
"222,4.41"
"233,5.49"
"236,3.27"
"249,4.57"
"334,8.54"
"335,0.97"
"336,0.84"
"337,9.48"
"339,6.74"
"342,3.64"
"344,5.01"
"345,8.39"
"381,2.42"
"413,4.49"
"414,5.17"
"417,3.75"
"423,8.66"
"426,7.17"
"428,2.1"
"431,8.66"
"432,1.32"
"433,1.71"
"434,7.38"
"436,0.26"
"445,10.77"
"446,8.38"
"456,4.32"
"457,2.99"
"460,6.3"
"496,4.93"
"502,3.41"
"539,3.98"
"542,8.16"
"543,1.48"
"544,6.73"
"550,4.87"
"551,2.88"
"552,9.27"
"557,8.07"
"559,9.88"
"569,9.77"
"571,7.07"
"572,2.67"
"573,1.22"
"575,3.37"
"576,6.76"
"577,6.44"
"625,5.79"
"626,6.22"
"627,3.32"
"651,1.22"
"653,6.94"
"660,10.87"
"670,2.43"
"676,7.58"
"711,6.39"
"712,3.31"
"717,6.96"
"722,3.55"
"724,3.13"
"727,9.2"
"728,7.92"
"729,9.41"
"730,3.43"
"731,9.53"
"732,3.77"
"735,4.42"
"760,8.96"
"782,6.36"
"844,2.18"
"854,7.95"
"857,4.23"
"858,8.77"
"863,10.48"
"876,9.76"
"897,10.62"
"907,5.64"
"913,1.55"
"918,1.19"
"920,1.9"
"921,4.32"
"922,2.3"
"923,3.68"
"924,0.18"
"925,1.28"
"929,2.9"
"930,9.2"
"933,9.29"
"934,0.15"
"935,2.25"
"938,7.01"
"944,3.38"
"993,10.03"
"1016,0.75"
"1019,3.25"
"1056,7.18"
"1068,1.14"
"1078,1.91"
"1079,5.52"
"1083,2.92"
"1086,0.59"
"1087,3.7"
"1088,7.21"
"1124,1.35"
"1131,2.71"
"1136,2.36"
"1143,10.97"
"1144,0.95"
"1153,3.19"
"1154,3.58"
"1155,0.26"
"1156,10.2"
"1163,6.09"
"1170,7.13"
"1199,1.17"
"1211,2.56"
"1216,7.18"
"1222,4.7"
"1224,7.33"
"1225,10.74"
"1230,3.88"
"1231,3.42"
"1232,4.26"
"1245,5.77"
"1255,1.62"
"1256,5.56"
"1271,5.94"
"1277,6.48"
"1313,9"
"1316,5.69"
"1322,4.32"
"1323,2.63"
"1326,7.88"
"1370,2.26"
"1372,3.98"
"1374,9.63"
"1375,5.39"
"1377,6.32"
"1378,7.67"
"1380,8.65"
"1407,0.66"
"1432,3.15"
"1440,5.81"
"1441,7"
"1443,1.37"
"1447,10.01"
"1448,9.99"
"1459,0.22"
"1462,9.48"
"1463,2.12"
"1464,1.19"
"1466,9.16"
"1468,8.86"
"1470,5.39"
"1471,5.08"
"1477,10.84"
"1479,7.75"
"1481,0.01"
"1482,6.06"
"1483,4.7"
"1486,4.04"
"1496,4.34"
"1515,9.82"
"1608,4.84"
"1620,4.22"
"1622,5.68"
"1623,5.34"
"1629,7.37"
"1630,10.12"
"1631,5.2"
"1635,0.71"
"1639,7.14"
"1643,4.11"
"1660,10.41"
"1662,2.18"
"1685,9.01"
"1687,9.02"
"1703,9.07"
"1708,10.57"
"1716,1.12"
"1742,9.57"
"1743,6.2"
"1744,9.42"
"1760,3.73"
"1800,9.1"
"1812,9.3"
"1813,8.69"
"1820,10.91"
"1837,4.35"
"1857,8.63"
"1861,5.53"
"1862,10.14"
"1865,1.46"
"1867,4.34"
"1878,10.14"
"1881,5.85"
"1886,5.44"
"1887,6.78"
"1914,10.51"
"1916,6.46"
"1926,9.03"
"1928,7.24"
"1930,3.41"
"1931,4.45"
"1936,7.29"
"1940,0.31"
"1941,5.33"
"1942,4.3"
"1944,3.19"
"1989,6.14"
"2004,9.5"
"2039,9.58"
"2045,2.69"
"2046,5.17"
"2052,0.94"
"2056,9.99"
"2062,1.5"
"2063,8.9"
"2064,9.05"
"2065,1.17"
"2067,7.86"
"2068,1.21"
"2070,5.26"
"2072,1.8"
"2080,10.36"
"2081,1.03"
"2095,9.45"
"2099,8.71"
"2105,10.08"
"2108,2.45"
"2109,1.63"
"2110,2.18"
"2115,7.76"
"2120,7.63"
"2177,0.05"
"2182,1.49"
"2196,9.31"
"2197,6.5"
"2203,8.49"
"2204,7.43"
"2206,5.53"
"2208,9.07"
"2237,6.65"
"2238,8.47"
"2252,7.81"
"2258,8.01"
"2263,8.71"
"2266,10.91"
"2272,7.26"
"2277,8.77"
"2300,6.14"
"2305,7.26"
"2307,4.69"
"2308,5.53"
"2321,9.01"
"2329,8.34"
"2330,8.16"
"2393,0.1"
"2396,4.83"
"2426,5.96"
"2432,10.98"
"2448,2.1"
"2457,1.83"
"2458,6.14"
"2459,7.03"
"2466,10.95"
"2509,7.85"
"2516,7.73"
"2525,2.57"
"2531,7.81"
"2547,6.02"
"2555,1.52"
"2557,7.86"
"2574,9.88"
"2605,1.63"
"2606,6.82"
"2622,6.4"
"2624,4.96"
"2625,2.47"
"2633,5.94"
"2643,9.1"
"2647,8.65"
"2649,8.94"
"2650,2.24"
"2657,7.78"
"2658,9.33"
"2687,8.91"
"2696,10.28"
"2713,8.69"
"2725,9.17"
"2747,7.65"
"2760,9.03"
"2790,4.52"
"2807,9.49"
"2808,4.68"
"2814,4.88"
"2835,9.12"
"2894,2.7"
"2901,8.55"
"2902,5.34"
"2908,7.03"
"2909,8.54"
"2924,2.67"
"2930,2.4"
"2934,2.32"
"2949,7.41"
"2950,4.87"
"2951,0.76"
"2990,10"
"2991,10.31"
"2992,9.29"
"2998,3.8"
"3005,3.72"
"3032,9.66"
"3037,5.57"
"3052,1.26"
"3055,9.36"
"3061,4.26"
"3063,4.54"
"3078,3.98"
"3120,6.38"
"3147,9.7"
"3179,9.77"
"3204,9.45"
"3205,4.52"
"3211,6.16"
"3236,9.54"
"3264,8.67"
"3289,5.76"
"3292,7.07"
"3365,6.43"
"3370,5.33"
"3387,4.47"
"3391,1.36"
"3398,5.17"
"3409,1.34"
"3419,2.87"
"3434,4.79"
"3476,2.05"
"3483,3.87"
"3485,6.02"
"3524,8.12"
"3527,5.45"
"3540,2.51"
"3603,2.95"
"3612,6.99"
"3622,4.69"
"3637,4.13"
"3745,2.32"
"3753,4.74"
"3755,9.65"
"3757,1.17"
"3761,2.54"
"3762,2.52"
"3771,4.16"
"3772,7.43"
"3777,1.71"
"3779,8.43"
"3830,6.51"
"3835,5.07"
"3839,0.95"
"3846,5.23"
"3849,8.03"
"3851,10.29"
"3857,9.32"
"3859,9.53"
"3861,1.21"
"3865,5.08"
"3866,4.59"
"3868,8.52"
"3869,10.81"
"3877,5.57"
"3880,9.93"
"3887,1.69"
"3888,9.15"
"3908,7.84"
"3916,8.37"
"4001,1.65"
"4002,0.25"
"4005,8.73"
"4008,1.36"
"4013,1.34"
"4015,2.61"
"4024,4.87"
"4034,9.78"
"4084,2.6"
"4113,4.94"
"4121,8.99"
"4122,4.49"
"4126,3.96"
"4127,9.09"
"4128,10.05"
"4141,4.77"
"4144,5"
"4147,4.1"
"4161,7.28"
"4162,3.21"
"4166,2.99"
"4240,1.44"
"4242,8.64"
"4243,1.96"
"4253,5.77"
"4257,7.54"
"4289,8.48"
"4290,5.63"
"4292,2.18"
"4300,4.69"
"4304,1.39"
"4305,9.13"
"4308,2.85"
"4314,5.34"
"4340,1.18"
"4341,9.75"
"4390,9.7"
"4406,6.73"
"4410,2.48"
"4420,7.93"
"4426,0.4"
"4429,6.95"
"4440,8.85"
"4469,6.97"
"4493,5.64"
"4505,9.65"
"4545,2.84"
"4565,1.59"
"4597,9.24"
"4649,5.69"
"4677,1.42"
"4685,1.89"
"4709,6.78"
"4725,1.83"
"4760,7.01"
"4830,0.64"
"4890,3.53"
"4899,10.83"
"4958,8.05"
"4993,8.31"
"5037,5.13"
"5038,6.6"
"5040,5.65"
"5059,7.5"
"5063,7.16"
"5155,6.69"
"5162,5.16"
"5163,10.2"
"5165,1.75"
"5266,0.03"
"5279,4.01"
"5303,7.69"
"5308,9.19"
"5312,2.88"
"5321,5.07"
"5338,7.47"
"5364,4.26"
"5365,4.87"
"5367,5.48"
"5371,0.97"
"5384,4.06"
"5429,7.35"
"5431,7.26"
"5432,5.03"
"5433,1.93"
"5435,2.75"
"5436,5.74"
"5447,6.3"
"5460,6.61"
"5479,0.33"
"5497,1.37"
"5499,0.9"
"5502,7.23"
"5503,8.61"
"5509,9.66"
"5515,5.33"
"5516,0.49"
"5540,4.66"
"5580,5.86"
"5595,4.93"
"5597,3"
"5608,3.87"
"5699,7.98"
"5703,9.55"
"5720,5.28"
"5721,8.22"
"5740,9.84"
"5776,3.3"
"5780,9.54"
"5797,0.82"
"5804,0.35"
"5806,5.1"
"5814,5.68"
"5898,6.2"
"5904,9.19"
"5944,2.25"
"5980,8.46"
"5991,3.93"
"6010,8.97"
"6019,7.04"
"6052,2.81"
"6064,4.82"
"6084,2.23"
"6127,4.11"
"6139,3.63"
"6142,0.54"
"6206,2.84"
"6220,9.16"
"6227,0.26"
"6245,5.41"
"6279,8.79"
"6377,0.75"
"6380,4.42"
"6382,9.53"
"6383,3.83"
"6386,1.8"
"6388,2.46"
"6393,4.35"
"6402,8.91"
"6435,0.15"
"6449,8.2"
"6459,7.58"
"6462,5.57"
"6469,6.73"
"6493,6.73"
"6497,3.77"
"6531,6.2"
"6532,2.18"
"6579,8.91"
"6604,8.4"
"6607,8.29"
"6626,4.08"
"6644,9.41"
"6742,5.55"
"6743,8.13"
"6745,7.56"
"6747,1.76"
"6780,7.52"
"6815,8.44"
"6839,5.83"
"6840,9.08"
"6852,3.67"
"6932,5.49"
"6960,2.98"
"7031,0.15"
"7063,7.43"
"7088,6.32"
"7110,4.86"
"7111,8.03"
"7126,9.69"
"7146,2.88"
"7160,4.78"
"7175,5.8"
"7181,1.1"
"7333,2.49"
"7340,8.68"
"7346,3.17"
"7350,9.66"
"7373,1.54"
"7390,10.54"
"7394,0.06"
"7396,8.84"
"7418,10.46"
"7511,2.23"
"7553,9.28"
"7622,3.74"
"7642,7.97"
"7659,2.35"
"7661,9.58"
"8027,10.22"
"8041,4.49"
"8081,10.37"
"8129,10.63"
"8136,1.8"
"8141,5.09"
"8144,6.93"
"8170,6.93"
"8184,8.25"
"8192,3.09"
"8243,6.6"
"8262,5.21"
"8276,8.57"
"8278,4.36"
"8290,6.92"
"8330,3.49"
"8402,1.18"
"8419,10.76"
"8436,7.68"
"8498,6.17"
"8591,7.13"
"8640,5.7"
"8662,2.09"
"8767,9.02"
"8836,4.03"
"8857,2.54"
"8901,7.26"
"8926,1.08"
"8955,1.02"
"8978,6.37"
"8980,9.79"
"9073,9.83"
"9106,6.16"
"9112,1.11"
"9115,7.35"
"9222,7.58"
"9313,9.66"
"9319,9.8"
"9326,9.62"
"9349,6.98"
"9486,3.4"
"9497,4.28"
"9663,5.04"
"9695,1.69"
"9828,2.16"
"9843,2.49"
"9847,5.99"
"9856,5.27"
"9882,0.68"
"9898,0.8"
"9985,9.87"
"9996,9.84"
"10007,8.82"
"10029,4.05"
"10035,7.34"
"10058,1.25"
"10095,0.64"
"10096,4.85"
"10143,9.94"
"10158,7.3"
"10167,9.37"
"10184,8.74"
"10197,8.2"
"10220,4.65"
"10221,4.01"
"10229,1.31"
"10244,9.39"
"10302,3.85"
"10348,8.63"
"10376,0.32"
"10490,10.08"
"10531,9.84"
"10551,3.64"
"10608,2.45"
"10619,5.71"
"10622,4.88"
"10624,3.3"
"10705,4.53"
"10812,7.97"
"10831,0.57"
"10891,8.5"
"10975,2.56"
"11015,1.68"
"11067,2.76"
"11095,4.4"
"11149,10.88"
"11206,10.21"
"11215,6.11"
"11216,0.18"
"11250,6.86"
"11325,6.45"
"11342,3.19"
"11347,7.47"
"11384,2.44"
"11390,7.78"
"11401,3.31"
"11406,8.2"
"11407,8.52"
"11444,8.21"
"11445,9.37"
"11453,9.02"
"11474,3.22"
"11475,8.96"
"11623,1.36"
"11650,2.61"
"11688,9.98"
"11734,9.92"
"11766,7.66"
"11798,4.65"
"11829,7.49"
"11830,9.17"
"11831,9.42"
"11861,8.98"
"11878,0.15"
"11956,0.79"
"11959,3.49"
"11960,1.53"
"11961,1.08"
"11963,3.87"
"11998,0.94"
"12150,4.65"
"12181,1.93"
"12193,9.78"
"12214,7.36"
"12229,5.47"
"12261,8.08"
"12262,3.49"
"12306,1.12"
"12308,6.36"
"12330,7.74"
"12356,5.67"
"12372,10.14"
"12398,5.11"
"12399,6.29"
"12400,7.63"
"12416,6.74"
"12480,6.45"
"12507,10.88"
"12556,7.64"
"12557,6.64"
"12561,7.9"
"12563,3.29"
"12568,3.42"
"12569,4.42"
"12603,3.21"
"12613,4.92"
"12629,8.77"
"12693,6.86"
"12696,2.97"
"12699,5.56"
"12700,3.14"
"12701,8.77"
"12707,10.7"
"12708,7.22"
"12718,9.48"
"12719,4.9"
"12743,8.45"
"12813,9.79"
"12829,7.23"
"12837,8.22"
"12841,10.73"
"12858,10.74"
"12869,4.08"
"12870,8.45"
"12871,0.24"
"12887,6.99"
"12938,4.23"
"12939,9.73"
"13067,7.61"
"13084,5.85"
"13170,6.08"
"13190,2.09"
"13204,9.24"
"13206,7.64"
"13210,7.41"
"13214,7.8"
"13220,6.71"
"13286,10.22"
"13293,2.16"
"13295,9.92"
"13336,9.41"
"13373,6.88"
"13377,1.77"
"13406,0.85"
"13423,9.02"
"13424,9.68"
"13431,7.78"
"13432,1.56"
"13457,6.56"
"13496,6"
"13499,4.59"
"13501,2.98"
"13521,2.38"
"13546,9.33"
"13600,6.98"
"13603,6.26"
"13611,6.32"
"13612,5.52"
"13616,9.9"
"13732,8.98"
"13766,2.69"
"13783,5.5"
"13845,4.67"
"13859,10.86"
"13939,8.87"
"13958,1.05"
"13993,4.74"
"14020,7.18"
"14045,8.63"
"14047,1.18"
"14048,3.75"
"14055,0.32"
"14059,4.37"
"14062,8.35"
"14078,4.48"
"14193,8.28"
"14236,9.36"
"14237,1.76"
"14356,9.91"
"14395,5.05"
"14442,5.84"
"14484,1.15"
"14526,8.6"
"14584,6.37"
"14590,9.37"
"14608,1.87"
"14621,9.22"
"14626,9.29"
"14628,10.31"
"14630,8.28"
"14633,6.67"
"14638,0.82"
"14642,0.78"
"14658,4.65"
"14709,10.06"
"14710,9.74"
"14765,7.56"
"14809,9.95"
"14830,0.73"
"14833,3.05"
"14891,8.95"
"14893,8.99"
"14896,1.19"
"14907,7.01"
"14917,6.67"
"14966,4.74"
"14989,9.83"
"15025,4.86"
"15029,2.49"
"15067,8.82"
"15068,3.63"
"15074,1.75"
"15078,2.81"
"15086,9.18"
"15089,1.21"
"15090,7.43"
"15091,4.15"
"15161,5.39"
"15176,9.16"
"15180,7.33"
"15198,9.45"
"15315,0.51"
"15366,4.01"
"15368,9.43"
"15416,3.81"
"15440,0.86"
"15446,10.84"
"15489,8.45"
"15548,4.28"
"15585,0.28"
"15632,9.39"
"15633,2"
"15671,2.92"
"15674,7.05"
"15733,9.36"
"15736,6.02"
"15828,10.14"
"15862,3.67"
"15873,3.68"
"15892,1.21"
"15903,7.58"
"15922,2.55"
"15923,7.1"
"15960,6.55"
"15970,6.4"
"15980,1.96"
"16000,9.66"
"16028,8.99"
"16032,5.2"
"16040,10.55"
"16059,7.71"
"16079,1.45"
"16085,9.74"
"16106,5.46"
"16121,0.14"
"16136,1.51"
"16153,6.05"
"16157,7.34"
"16159,1.85"
"16164,7.65"
"16165,4.66"
"16194,8.53"
"16201,7.35"
"16256,5.94"
"16260,5.63"
"16316,4.36"
"16371,1.32"
"16378,10.87"
"16380,4.83"
"16420,9.38"
"16423,6.27"
"16433,3.26"
"16525,4.21"
"16539,1.66"
"16553,4.99"
"16575,9.3"
"16615,0.33"
"16618,5.37"
"16631,1.17"
"16681,6.3"
"16682,7.68"
"16684,9.1"
"16713,1.46"
"16714,2.43"
"16757,5.56"
"16758,1.75"
"16781,8.52"
"16789,8.19"
"16791,8.9"
"16830,6.23"
"16881,4.89"
"16897,7.23"
"16934,3.41"
"16954,1.36"
"16958,4.39"
"16983,1.68"
"16987,0.1"
"16991,8.69"
"17036,9.72"
"17048,4.44"
"17073,9.46"
"17076,9.3"
"17093,7.86"
"17129,1.5"
"17169,6.57"
"17189,6.64"
"17212,9.66"
"17271,6.01"
"17274,5.02"
"17301,3"
"17347,8.9"
"17373,1.75"
"17396,5.87"
"17409,6.31"
"17461,8.89"
"17500,4.04"
"17506,1.12"
"17525,3.1"
"17536,10.27"
"17551,6.9"
"17590,1.28"
"17591,6.01"
"17592,6.37"
"17614,2.05"
"17664,4.04"
"17668,6.34"
"17669,1.93"
"17691,7.29"
"17706,5.87"
"17747,6.54"
"17748,4.93"
"17787,2.67"
"17790,10.94"
"17812,4.41"
"17848,5.84"
"17863,8.54"
"17864,1.22"
"17903,3.36"
"17929,8.93"
"17964,0.18"
"17978,5.82"
"18030,4.91"
"18037,1.92"
"18049,10.63"
"18055,3.5"
"18066,1.07"
"18085,8.03"
"18087,6.73"
"18123,0.51"
"18148,8.26"
"18231,3.48"
"18253,5.86"
"18256,1.4"
"18258,4.63"
"18301,6.19"
"18317,1.54"
"18320,2.17"
"18361,6.36"
"18390,7.52"
"18402,8.33"
"18451,6.4"
"18455,7.33"
"18456,3.58"
"18492,0.24"
"18517,1.13"
"18524,3.55"
"18530,0.98"
"18547,1.96"
"18548,4.66"
"18580,9.93"
"18598,8.43"
"18621,3.56"
"18644,10.71"
"18648,8.26"
"18680,4.9"
"18691,2.43"
"18729,7.61"
"18745,1.56"
"18798,9.31"
"18823,5.64"
"18836,7.25"
"18903,5.99"
"18921,8.29"
"18930,5.23"
"18932,3.12"
"18937,4.99"
"18939,6.96"
"18968,8.32"
"18982,1.73"
"18984,3.6"
"18988,5.36"
"19008,7.71"
"19009,6.18"
"19073,8.86"
"19084,3.54"
"19117,4.37"
"19121,5"
"19138,6.11"
"19160,6.57"
"19205,5.74"
"19216,4.9"
"19221,1.92"
"19229,9.45"
"19230,4.69"
"19238,2.02"
"19240,8.06"
"19258,5.77"
"19287,4.65"
"19300,8.51"
"19325,3.02"
"19397,3.65"
"19420,10.08"
"19421,2.51"
"19423,1.92"
"19424,7.77"
"19425,4.71"
"19444,0.25"
"19451,2.66"
"19493,8.04"
"19513,1.97"
"19518,9.64"
"19519,7.42"
"19521,5.59"
"19523,4.93"
"19529,5.09"
"19577,9.1"
"19583,4.19"
"19590,5.65"
"19597,6.26"
"19631,6.74"
"19646,4.26"
"19649,3.61"
"19672,4.99"
"19695,5.57"
"19749,9.82"
"19758,4"
"19774,6.88"
"19789,0.36"
"19830,3.21"
"19842,6.81"
"19843,1.8"
"19844,1.77"
"19845,2.27"
"19850,2.94"
"19864,7.16"
"19872,8.09"
"19873,3.17"
"19874,7.79"
"19875,1.13"
"19876,5.48"
"19877,2.25"
"19878,6.66"
"19886,5.45"
"19894,9.12"
"19932,8.18"
"19933,8.17"
"19937,2.3"
"19969,1.58"
"20083,1.68"
"20088,6.87"
"20097,7.48"
"20099,5.4"
"20105,2.01"
"20111,3.02"
"20112,2.02"
"20113,7.87"
"20117,8.71"
"20122,1.3"
"20130,3.87"
"20131,5.34"
"20133,2.07"
"20176,6.95"
"20193,7.07"
"20205,8.41"
"20220,1.93"
"20236,4.2"
"20264,2.96"
"20320,1.66"
"20321,10.56"
"20325,1.83"
"20342,8.92"
"20345,1.81"
"20346,2.69"
"20348,6.46"
"20350,1.85"
"20355,2.6"
"20356,3.37"
"20357,3.58"
"20358,10.5"
"20359,8.36"
"20379,9.01"
"20380,5.06"
"20388,9.37"
"20389,7.73"
"20391,0.1"
"20392,1.42"
"20394,5.41"
"20403,2.99"
"20405,6.61"
"20409,5.56"
"20411,9.58"
"20413,8.67"
"20414,0.32"
"20420,6.12"
"20421,7.69"
"20422,2.24"
"20424,1.01"
"20425,9.68"
"20438,8.54"
"20527,6.05"
"20543,9.24"
"20549,1.05"
"20550,5.81"
"20551,9.82"
"20552,0.14"
"20553,8.43"
"20555,3.82"
"20556,6.6"
"20557,10.74"
"20563,7.25"
"20569,5.99"
"20571,1.6"
"20572,2.23"
"20573,8.46"
"20577,2.76"
"20578,2.86"
"20584,0.25"
"20585,6.52"
"20587,4.75"
"20594,6.23"
"20595,2.95"
"20596,7.44"
"20605,6.65"
"20606,8.8"
"20608,4.15"
"20649,0.18"
"20687,10.25"
"20701,4.15"
"20704,5.24"
"20705,1.16"
"20713,3.32"
"20718,9.07"
"20720,8.56"
"20722,3.01"
"20726,3.13"
"20727,1.55"
"20730,6.76"
"20733,9.51"
"20738,5.62"
"20746,1.42"
"20757,5.3"
"20758,1.52"
"20759,9.37"
"20761,7.09"
"20772,2.77"
"20775,3.79"
"20819,6.18"
"20823,1.51"
"20828,2.86"
"20829,5.38"
"20830,0.62"
"20843,5.84"
"20844,6.89"
"20862,9.99"
"20864,8.99"
"20868,0.68"
"20885,7.45"
"20894,10.45"
"20914,9.11"
"20919,9.69"
"20930,9.8"
"20931,7.82"
"20938,7.16"
"20940,8.16"
"20941,9.35"
"20942,4.97"
"20955,8.19"
"20981,10.29"
"21006,6.87"
"21020,2.5"
"21021,8.31"
"21022,0.58"
"21028,8.57"
"21029,7.1"
"21031,2.89"
"21033,9.96"
"21035,6.69"
"21042,1.65"
"21064,3.2"
"21067,4.83"
"21068,7.99"
"21075,3.51"
"21078,1.83"
"21079,4.04"
"21080,1.24"
"21081,9.12"
"21092,4.98"
"21094,8.48"
"21103,2.64"
"21118,4.94"
"21119,6.36"
"21122,4.94"
"21175,5.82"
"21239,5.52"
"21286,6.79"
"21300,5.23"
"21325,1.15"
"21328,4.56"
"21330,2.98"
"21332,3.24"
"21342,10.01"
"21347,8.66"
"21378,2.24"
"21391,9.38"
"21393,5.01"
"21396,0.45"
"21411,3.03"
"21416,3.15"
"21419,6.22"
"21421,5.77"
"21429,9.42"
"21430,2.02"
"21432,7.8"
"21433,6.52"
"21441,2.17"
"21442,4.3"
"21443,5.91"
"21444,1.25"
"21445,2.96"
"21446,5.33"
"21486,5.52"
"21544,8.12"
"21557,9.2"
"21559,7.1"
"21561,6.48"
"21563,5.74"
"21565,7.31"
"21574,5.39"
"21575,9.28"
"21576,9.28"
"21578,8.93"
"21582,1.25"
"21583,7.55"
"21592,0.92"
"21602,5.12"
"21612,1.46"
"21614,6.51"
"21615,8.79"
"21619,6.61"
"21622,7.27"
"21627,8.66"
"21628,0.08"
"21629,1.47"
"21631,9.42"
"21632,4.66"
"21633,1.25"
"21636,10.54"
"21637,3.76"
"21638,0.45"
"21648,3.82"
"21652,7.29"
"21655,1.32"
"21657,3.28"
"21658,5.02"
"21659,3.77"
"21660,6.98"
"21662,8.44"
"21663,6.09"
"21675,8.88"
"21679,7.38"
"21683,6.53"
"21684,9.27"
"21688,9.33"
"21689,4.06"
"21691,7.18"
"21699,1.73"
"21702,5.06"
"21714,8.36"
"21735,2.56"
"21850,2.29"
"21860,2.82"
"21867,4.76"
"21870,5.39"
"21871,4.52"
"21872,3.36"
"21874,9.91"
"21880,2.04"
"21890,7.49"
"21892,10.53"
"21893,4.11"
"21912,3.19"
"21916,7.23"
"21917,8.44"
"21919,1.05"
"21922,3.61"
"21928,3.86"
"21941,9.61"
"21942,9.95"
"21943,9.69"
"21944,2.66"
"21952,5.29"
"21959,9.52"
"21969,2.22"
"21970,0.7"
"21973,5.93"
"21982,5.32"
"21984,1.89"
"21985,1.81"
"21986,4.67"
"21990,8.03"
"21994,9.82"
"22004,3.68"
"22005,10.32"
"22009,6.86"
"22013,4.98"
"22014,3.48"
"22020,6.44"
"22035,6.22"
"22037,8.94"
"22041,8.22"
"22045,2.14"
"22050,1.75"
"22055,1.64"
"22056,1.55"
"22063,3.25"
"22064,9.74"
"22070,1.86"
"22071,9.23"
"22074,4.28"
"22078,5.57"
"22079,3.23"
"22083,7.81"
"22086,7.37"
"22087,1.7"
"22088,3.15"
"22091,5.93"
"22092,9.5"
"22096,0.4"
"22097,1.01"
"22098,2.03"
"22102,4.31"
"22135,7.41"
"22154,7.01"
"22155,7"
"22177,1.92"
"22181,9.19"
"22200,7.54"
"22215,6.08"
"22323,8.73"
"22329,4.5"
"22333,0.35"
"22347,4.18"
"22362,1.03"
"22384,7.63"
"22435,10.04"
"22437,4.97"
"22455,8.34"
"22555,5.06"
"22588,3.62"
"22594,1.46"
"22630,10.42"
"22648,4.61"
"22650,3.26"
"22651,2.57"
"22664,6.64"
"22730,1.53"
"22736,8.3"
"22738,1.89"
"22739,10.96"
"22740,3.54"
"22791,6.96"
"22804,5.07"
"22805,6.6"
"22853,7.64"
"22856,5.76"
"22896,7.37"
"22912,5.6"
"22922,3.61"
"22924,5.89"
"23016,8.49"
"23029,7.3"
"23031,9.01"
"23036,3.92"
"23039,1.09"
"23040,5.57"
"23044,2.28"
"23054,3.39"
"23059,7.3"
"23065,5.39"
"23066,7.53"
"23067,5.41"
"23068,9.56"
"23070,9.46"
"23071,4.46"
"23076,7.71"
"23081,1.44"
"23083,1.82"
"23084,6.66"
"23088,7.73"
"23096,7.04"
"23100,5.66"
"23114,10.97"
"23119,8.09"
"23123,5.74"
"23124,4.41"
"23125,7.96"
"23126,4.53"
"23127,4.38"
"23135,4.76"
"23141,4.07"
"23142,5.31"
"23150,7.8"
"23152,10.92"
"23165,8.24"
"23172,7.31"
"23173,3.93"
"23177,3.72"
"23182,9.68"
"23183,4.94"
"23186,6.61"
"23188,0.95"
"23189,4.02"
"23195,4.12"
"23198,1.73"
"23209,3.78"
"23218,4.79"
"23221,8.47"
"23222,7.33"
"23226,5.85"
"23234,4.17"
"23247,9.19"
"23252,0.11"
"23253,9.26"
"23268,4.47"
"23275,7.84"
"23277,9.15"
"23294,7.57"
"23300,9.28"
"23301,0.48"
"23391,7.36"
"23393,8.98"
"23396,6.64"
"23397,1.03"
"23401,5.02"
"23405,9.54"
"23412,3.67"
"23413,2.91"
"23416,9.08"
"23420,3.08"
"23423,6.23"
"23425,9.24"
"27,6.83"
"35,3.28"
"40,6.36"
"41,4.72"
"47,7.51"
"51,1.32"
"75,8.95"
"76,10.34"
"166,4.81"
"169,1.69"
"175,5.46"
"177,6.48"
"179,2.84"
"190,6.55"
"228,6.06"
"229,8.6"
"234,6.48"
"235,4.04"
"238,4.36"
"239,7.12"
"245,10.9"
"248,3.34"
"250,3.54"
"251,5.32"
"258,9.7"
"267,4.56"
"273,2.24"
"275,7.07"
"299,7.28"
"304,1.97"
"305,4.73"
"307,5.66"
"311,6.01"
"321,0.94"
"352,10.99"
"358,8.59"
"359,6.32"
"377,9.53"
"385,5.57"
"410,3.13"
"424,6.5"
"449,3.02"
"455,4.59"
"473,9.02"
"512,1.76"
"517,6.33"
"527,0.33"
"528,3.74"
"586,2.63"
"588,1.24"
"599,1.02"
"602,1.86"
"608,1.74"
"628,6.15"
"632,5.17"
"642,6.42"
"643,3.67"
"646,5.41"
"664,4.18"
"696,5"
"749,6.24"
"750,3.34"
"776,6.53"
"783,4.15"
"786,6.81"
"797,9.41"
"845,3.41"
"885,6.28"
"886,3.57"
"892,4.24"
"895,9.65"
"898,10.01"
"909,8.44"
"952,7.77"
"968,10.47"
"979,8.74"
"980,7.37"
"996,8.83"
"997,2.8"
"1006,4.78"
"1020,2.6"
"1024,6.87"
"1048,8.8"
"1109,0.2"
"1110,2.62"
"1147,5.37"
"1164,1.43"
"1165,2.29"
"1178,9.18"
"1185,0.11"
"1187,9.99"
"1198,6.1"
"1203,6.42"
"1237,7.92"
"1240,9.21"
"1246,6.53"
"1251,0.12"
"1254,6.31"
"1261,3.04"
"1269,1.99"
"1297,7.25"
"1303,10.64"
"1321,5.99"
"1360,1.92"
"1361,3.13"
"1383,9.11"
"1384,2.92"
"1388,6.75"
"1390,5.98"
"1402,8.86"
"1408,3.33"
"1411,2.47"
"1476,8.61"
"1490,1.41"
"1495,8.05"
"1505,7.09"
"1558,6.2"
"1565,8.82"
"1570,4.6"
"1602,6.71"
"1673,7.28"
"1702,3.24"
"1706,8.02"
"1709,6.92"
"1712,4.38"
"1718,6.1"
"1720,4.76"
"1734,6.14"
"1740,6.06"
"1741,1.27"
"1791,7.35"
"1845,6.9"
"1846,8.83"
"1847,1.06"
"1848,1.37"
"1910,3.88"
"1911,3.63"
"1913,1.24"
"1984,7.14"
"1986,9.24"
"1987,4.49"
"1998,6.86"
"2000,9.6"
"2032,9.07"
"2153,0.03"
"2155,5.27"
"2165,6.74"
"2176,8.37"
"2185,6.25"
"2211,8.9"
"2212,6.18"
"2234,5.4"
"2235,7.17"
"2236,2.33"
"2242,5.7"
"2243,1.84"
"2293,7.32"
"2312,10.42"
"2315,6.1"
"2353,5.11"
"2360,2.15"
"2363,1.96"
"2371,5.15"
"2381,7.63"
"2386,4.67"
"2414,10.27"
"2440,0.95"
"2452,5.25"
"2500,6.58"
"2502,1.41"
"2511,6.02"
"2541,2.79"
"2549,7.48"
"2561,10.9"
"2562,8.63"
"2583,6.23"
"2584,3.82"
"2590,6.3"
"2612,6.28"
"2613,7.11"
"2617,8"
"2665,1.78"
"2677,5.88"
"2683,1.15"
"2692,10.55"
"2693,0.46"
"2741,8.57"
"2745,10.65"
"2853,2.92"
"2858,1.86"
"2915,1.2"
"2916,9.95"
"2972,3.25"
"2982,2.47"
"2985,3.33"
"3062,3.45"
"3073,4.47"
"3074,5.36"
"3089,0.75"
"3100,9.57"
"3145,0.33"
"3163,8.11"
"3167,9.63"
"3196,6.52"
"3203,5.36"
"3207,4.19"
"3215,4.98"
"3216,2.47"
"3254,6.98"
"3316,6.03"
"3353,3.91"
"3357,2.02"
"3429,6.98"
"3440,3.9"
"3481,5.56"
"3491,7.72"
"3509,4.39"
"3514,8.52"
"3515,1.56"
"3525,8.1"
"3530,6.86"
"3534,4.41"
"3543,5.74"
"3550,4.33"
"3552,6.29"
"3553,3.54"
"3554,9.96"
"3574,10.45"
"3576,6.92"
"3590,4"
"3606,7.2"
"3735,9.13"
"3736,2.85"
"3795,10.63"
"3797,9.07"
"3800,9.37"
"3810,3.58"
"3811,5.38"
"3821,1.85"
"3841,7.23"
"3842,9.02"
"3919,9.64"
"3930,8.77"
"3932,9.59"
"3943,5.93"
"3953,0.49"
"3985,8.99"
"3986,10.68"
"4042,4.16"
"4048,10.33"
"4056,10.86"
"4075,8.18"
"4081,2.99"
"4137,2.23"
"4160,6.88"
"4174,0.75"
"4180,5.99"
"4187,3.46"
"4194,4.18"
"4195,4.27"
"4199,9.03"
"4201,5.66"
"4209,9.81"
"4231,5.23"
"4245,4.11"
"4250,5.05"
"4269,6.84"
"4271,5.83"
"4325,2.74"
"4333,4.48"
"4407,4.89"
"4413,2.44"
"4417,4.39"
"4483,3.76"
"4516,2.48"
"4517,1.67"
"4544,3.2"
"4567,5.61"
"4608,4.56"
"4629,5.99"
"4740,8.42"
"4744,5.72"
"4761,5.14"
"4790,9.45"
"4806,9.13"
"4813,2.18"
"4820,6.71"
"4827,6.49"
"4828,8.04"
"4829,7.28"
"4839,3.81"
"4841,7.59"
"4843,8.35"
"4847,5.66"
"4855,0.53"
"4859,2.48"
"4860,7.44"
"4862,0.17"
"4865,4.36"
"4872,1.31"
"4874,2"
"4879,4.06"
"4888,8.91"
"4894,7.53"
"4912,7.89"
"4948,2.2"
"4951,8.12"
"5013,2.05"
"5104,3.29"
"5120,6.01"
"5122,1.49"
"5134,8.68"
"5139,1.7"
"5145,6.81"
"5158,6.03"
"5161,7.41"
"5209,7.11"
"5210,3.94"
"5213,7.82"
"5258,3.29"
"5333,5.31"
"5346,3.61"
"5353,4.46"
"5355,4.57"
"5356,3.41"
"5358,2.08"
"5379,5.15"
"5412,8.7"
"5452,2.29"
"5468,8"
"5483,7.1"
"5532,4.74"
"5533,6.16"
"5553,5.17"
"5564,4.72"
"5584,3.86"
"5616,8.1"
"5618,8.04"
"5634,3.31"
"5645,9.57"
"5672,4.03"
"5747,8.49"
"5794,8.66"
"5851,5.71"
"5868,6.34"
"5892,2.11"
"5893,1.21"
"5899,1.39"
"5907,1.7"
"5918,6.78"
"5929,8.86"
"5932,5.48"
"5933,5.6"
"5962,9.7"
"5966,4.26"
"5970,1.09"
"6003,4.96"
"6012,7.63"
"6045,4.16"
"6071,9.18"
"6140,4.77"
"6149,6.33"
"6184,6.71"
"6217,6.88"
"6234,5.07"
"6236,3.46"
"6241,1.26"
"6253,1.83"
"6254,6.86"
"6255,2.68"
"6272,6.85"
"6288,5.87"
"6293,2.04"
"6298,9.45"
"6299,3.38"
"6300,9.37"
"6361,10.5"
"6416,8.81"
"6431,5.62"
"6445,5.63"
"6486,4.06"
"6520,6.98"
"6534,8.99"
"6535,7.12"
"6556,7.61"
"6563,4.92"
"6565,3.12"
"6599,9.12"
"6602,6.02"
"6614,7.91"
"6623,3.11"
"6631,1.55"
"6645,6.28"
"6733,7.08"
"6750,3.51"
"6842,8.22"
"6844,5.43"
"6847,6.93"
"6855,1.91"
"6856,3.53"
"6872,3.27"
"6962,8.69"
"6990,6.39"
"7000,7.37"
"7002,1.05"
"7018,8.42"
"7194,7.05"
"7198,5.99"
"7234,5.49"
"7256,5.59"
"7281,7.58"
"7319,3.05"
"7337,0.16"
"7355,0.42"
"7430,1.73"
"7440,0.66"
"7447,5.26"
"7448,4.18"
"7467,8.17"
"7495,2.83"
"7517,7.78"
"7531,9.31"
"7533,9.85"
"7648,4.15"
"7660,2.77"
"7662,1.87"
"7664,5.67"
"7703,5.06"
"7704,9.58"
"7774,1.74"
"7837,2.87"
"7843,6.3"
"7844,2.94"
"7846,9.82"
"7874,4.57"
"7910,6.53"
"7963,3.49"
"7965,3"
"7978,2.77"
"7991,2.85"
"8030,4.59"
"8032,2.97"
"8058,1.02"
"8104,3.47"
"8149,9.51"
"8150,4.55"
"8180,9.77"
"8205,7.34"
"8208,9.36"
"8213,4.5"
"8230,7.48"
"8252,6.83"
"8363,7.8"
"8389,4.86"
"8393,9.42"
"8411,2.37"
"8443,7.48"
"8485,3.22"
"8486,1.15"
"8489,5.9"
"8490,8.47"
"8491,8.34"
"8492,8.39"
"8521,1.7"
"8526,0.85"
"8527,0.01"
"8528,10.34"
"8568,10.84"
"8576,7.68"
"8597,5.79"
"8645,1.53"
"8655,7.92"
"8686,3.75"
"8727,4.97"
"8728,5.57"
"8736,1.89"
"8807,9.07"
"8809,3.42"
"8811,4.39"
"8815,4.39"
"8852,1.32"
"8884,2.27"
"8897,8.02"
"8902,9.89"
"8944,4.45"
"8949,2.31"
"8950,0.95"
"8972,7.33"
"8976,8.36"
"9013,2.76"
"9058,0.1"
"9059,3.01"
"9070,9.33"
"9116,5.29"
"9123,6.33"
"9161,5.89"
"9197,9.28"
"9201,8.24"
"9328,2.75"
"9333,6.62"
"9337,3.21"
"9347,6.77"
"9373,3.96"
"9374,6.12"
"9377,3.64"
"9400,5.96"
"9417,9"
"9418,9.67"
"9427,7.18"
"9473,5"
"9477,8.15"
"9534,10.57"
"9563,5.59"
"9593,8.97"
"9609,4.37"
"9612,7.21"
"9649,1.68"
"9650,9.96"
"9699,6.44"
"9713,1.95"
"9749,9.19"
"9786,7.07"
"9788,9.38"
"9803,3.61"
"9814,9.1"
"9826,0.77"
"9827,10.45"
"9838,4.41"
"9859,5.12"
"9920,0.42"
"9990,3.63"
